Workbook

Sheet Mi objetivo
A1: Cuánta proteína y fibra necesitas
A2: Completa las celdas amarillas. La planilla calcula tu objetivo diario; en la hoja Mi día puedes armar un día de comidas y ver si llegas.
A4: Tus datos
A5: Sexo | B5: Mujer
A6: Edad (años) | B6: 60
A7: Peso (kg) | B7: 70
A8: Estatura (cm) | B8: 165
A9: Actividad física | B9: Moderada (3 a 5 días a la semana)
A10: Perfil de proteína | B10: Mayor de 60, activo o entrenando fuerza (1,2 g/kg)
A12: Tu objetivo diario | B12: Valor | C12: Nivel | D12: De dónde sale
A13: Índice de masa corporal | B13: =ROUND(B7/(B8/100)^2,1) | D13: Si es 30 o más, el cálculo por kilo sobreestima: conversa con tu médico o nutricionista qué peso usar.
A14: Energía estimada (kcal al día) | B14: =ROUND((10*B7+6.25*B8-5*B6+IF(B5="Hombre",5,-161))*VLOOKUP(B9,Listas!$A$2:$B$5,2,FALSE),0) | C14: C | D14: Ecuación de Mifflin-St Jeor por el factor de actividad. Es una estimación, no una medición.
A15: Proteína: objetivo del día (g) | B15: =ROUND(B7*VLOOKUP(B10,Listas!$C$2:$E$6,2,FALSE),0) | C15: =VLOOKUP(B10,Listas!$C$2:$E$6,3,FALSE) | D15: Según el perfil que elegiste. Ver la tabla de perfiles más abajo.
A16: Proteína: mínimo oficial (g) | B16: =ROUND(B7*0.8,0) | C16: G | D16: 0,8 g por kilo: ingesta recomendada para adultos (IOM). Evita la carencia, no es un óptimo para mayores.
A17: Proteína por comida principal (g) | B17: =ROUND(MAX(25,B15/3),0) | C17: C | D17: Repartida en tres comidas de al menos 25 a 30 g, en vez de concentrarla en una (PROT-AGE, ESPEN).
A18: Fibra: objetivo del día (g) | B18: =ROUND(B14/1000*14,0) | C18: G | D18: 14 g por cada 1.000 kcal (IOM, base de las guías dietarias de EE. UU.).
A19: Fibra: referencia por edad y sexo (g) | B19: =IF(B5="Hombre",IF(B6>50,30,38),IF(B6>50,21,25)) | C19: G | D19: Ingesta adecuada del IOM para tu edad y sexo. La OMS pide al menos 25 g al día a todos los adultos.
A21: Perfiles de proteína | B21: g por kilo | C21: Nivel | D21: Fuente
A22: =Listas!C2 | B22: =Listas!D2 | C22: =Listas!E2 | D22: =Listas!F2
A23: =Listas!C3 | B23: =Listas!D3 | C23: =Listas!E3 | D23: =Listas!F3
A24: =Listas!C4 | B24: =Listas!D4 | C24: =Listas!E4 | D24: =Listas!F4
A25: =Listas!C5 | B25: =Listas!D5 | C25: =Listas!E5 | D25: =Listas!F5
A26: =Listas!C6 | B26: =Listas!D6 | C26: =Listas!E6 | D26: =Listas!F6
A28: Antes de subir tu proteína
A29: Si tienes enfermedad renal crónica o te han dicho que tu función renal está baja, no subas la proteína sin hablarlo con tu médico.
A30: Esta planilla es una herramienta para ordenarte, no una indicación médica ni nutricional. Llévala a tu médico o nutricionista si tienes dudas.
A31: Nivel: G = guía clínica, C = consenso de sociedad, E = opinión de experto. Donde dice E, no hay consenso de guía.

Sheet Mi día
A1: Mi día de comidas
A2: Elige un alimento en la columna B y escribe los gramos. Si dejas los gramos vacíos, se usa la porción habitual.
A4: Comida | B4: Alimento | C4: Gramos | D4: Proteína | E4: Fibra | F4: Grasa | G4: Carbohidratos | H4: kcal | I4: Porción
A5: Desayuno | D5: =IF(B5="","",ROUND(IF(C5="",VLOOKUP(B5,Alimentos!$A$5:$H$83,2,FALSE),C5)/100*VLOOKUP(B5,Alimentos!$A$5:$H$83,4,FALSE),1)) | E5: =IF(B5="","",ROUND(IF(C5="",VLOOKUP(B5,Alimentos!$A$5:$H$83,2,FALSE),C5)/100*VLOOKUP(B5,Alimentos!$A$5:$H$83,5,FALSE),1)) | F5: =IF(B5="","",ROUND(IF(C5="",VLOOKUP(B5,Alimentos!$A$5:$H$83,2,FALSE),C5)/100*VLOOKUP(B5,Alimentos!$A$5:$H$83,6,FALSE),1)) | G5: =IF(B5="","",ROUND(IF(C5="",VLOOKUP(B5,Alimentos!$A$5:$H$83,2,FALSE),C5)/100*VLOOKUP(B5,Alimentos!$A$5:$H$83,7,FALSE),1)) | H5: =IF(B5="","",ROUND(IF(C5="",VLOOKUP(B5,Alimentos!$A$5:$H$83,2,FALSE),C5)/100*VLOOKUP(B5,Alimentos!$A$5:$H$83,8,FALSE),1)) | I5: =IF(B5="","",VLOOKUP(B5,Alimentos!$A$5:$H$83,3,FALSE))
D6: =IF(B6="","",ROUND(IF(C6="",VLOOKUP(B6,Alimentos!$A$5:$H$83,2,FALSE),C6)/100*VLOOKUP(B6,Alimentos!$A$5:$H$83,4,FALSE),1)) | E6: =IF(B6="","",ROUND(IF(C6="",VLOOKUP(B6,Alimentos!$A$5:$H$83,2,FALSE),C6)/100*VLOOKUP(B6,Alimentos!$A$5:$H$83,5,FALSE),1)) | F6: =IF(B6="","",ROUND(IF(C6="",VLOOKUP(B6,Alimentos!$A$5:$H$83,2,FALSE),C6)/100*VLOOKUP(B6,Alimentos!$A$5:$H$83,6,FALSE),1)) | G6: =IF(B6="","",ROUND(IF(C6="",VLOOKUP(B6,Alimentos!$A$5:$H$83,2,FALSE),C6)/100*VLOOKUP(B6,Alimentos!$A$5:$H$83,7,FALSE),1)) | H6: =IF(B6="","",ROUND(IF(C6="",VLOOKUP(B6,Alimentos!$A$5:$H$83,2,FALSE),C6)/100*VLOOKUP(B6,Alimentos!$A$5:$H$83,8,FALSE),1)) | I6: =IF(B6="","",VLOOKUP(B6,Alimentos!$A$5:$H$83,3,FALSE))
D7: =IF(B7="","",ROUND(IF(C7="",VLOOKUP(B7,Alimentos!$A$5:$H$83,2,FALSE),C7)/100*VLOOKUP(B7,Alimentos!$A$5:$H$83,4,FALSE),1)) | E7: =IF(B7="","",ROUND(IF(C7="",VLOOKUP(B7,Alimentos!$A$5:$H$83,2,FALSE),C7)/100*VLOOKUP(B7,Alimentos!$A$5:$H$83,5,FALSE),1)) | F7: =IF(B7="","",ROUND(IF(C7="",VLOOKUP(B7,Alimentos!$A$5:$H$83,2,FALSE),C7)/100*VLOOKUP(B7,Alimentos!$A$5:$H$83,6,FALSE),1)) | G7: =IF(B7="","",ROUND(IF(C7="",VLOOKUP(B7,Alimentos!$A$5:$H$83,2,FALSE),C7)/100*VLOOKUP(B7,Alimentos!$A$5:$H$83,7,FALSE),1)) | H7: =IF(B7="","",ROUND(IF(C7="",VLOOKUP(B7,Alimentos!$A$5:$H$83,2,FALSE),C7)/100*VLOOKUP(B7,Alimentos!$A$5:$H$83,8,FALSE),1)) | I7: =IF(B7="","",VLOOKUP(B7,Alimentos!$A$5:$H$83,3,FALSE))
D8: =IF(B8="","",ROUND(IF(C8="",VLOOKUP(B8,Alimentos!$A$5:$H$83,2,FALSE),C8)/100*VLOOKUP(B8,Alimentos!$A$5:$H$83,4,FALSE),1)) | E8: =IF(B8="","",ROUND(IF(C8="",VLOOKUP(B8,Alimentos!$A$5:$H$83,2,FALSE),C8)/100*VLOOKUP(B8,Alimentos!$A$5:$H$83,5,FALSE),1)) | F8: =IF(B8="","",ROUND(IF(C8="",VLOOKUP(B8,Alimentos!$A$5:$H$83,2,FALSE),C8)/100*VLOOKUP(B8,Alimentos!$A$5:$H$83,6,FALSE),1)) | G8: =IF(B8="","",ROUND(IF(C8="",VLOOKUP(B8,Alimentos!$A$5:$H$83,2,FALSE),C8)/100*VLOOKUP(B8,Alimentos!$A$5:$H$83,7,FALSE),1)) | H8: =IF(B8="","",ROUND(IF(C8="",VLOOKUP(B8,Alimentos!$A$5:$H$83,2,FALSE),C8)/100*VLOOKUP(B8,Alimentos!$A$5:$H$83,8,FALSE),1)) | I8: =IF(B8="","",VLOOKUP(B8,Alimentos!$A$5:$H$83,3,FALSE))
D9: =IF(B9="","",ROUND(IF(C9="",VLOOKUP(B9,Alimentos!$A$5:$H$83,2,FALSE),C9)/100*VLOOKUP(B9,Alimentos!$A$5:$H$83,4,FALSE),1)) | E9: =IF(B9="","",ROUND(IF(C9="",VLOOKUP(B9,Alimentos!$A$5:$H$83,2,FALSE),C9)/100*VLOOKUP(B9,Alimentos!$A$5:$H$83,5,FALSE),1)) | F9: =IF(B9="","",ROUND(IF(C9="",VLOOKUP(B9,Alimentos!$A$5:$H$83,2,FALSE),C9)/100*VLOOKUP(B9,Alimentos!$A$5:$H$83,6,FALSE),1)) | G9: =IF(B9="","",ROUND(IF(C9="",VLOOKUP(B9,Alimentos!$A$5:$H$83,2,FALSE),C9)/100*VLOOKUP(B9,Alimentos!$A$5:$H$83,7,FALSE),1)) | H9: =IF(B9="","",ROUND(IF(C9="",VLOOKUP(B9,Alimentos!$A$5:$H$83,2,FALSE),C9)/100*VLOOKUP(B9,Alimentos!$A$5:$H$83,8,FALSE),1)) | I9: =IF(B9="","",VLOOKUP(B9,Alimentos!$A$5:$H$83,3,FALSE))
B10: Total desayuno | D10: =SUM(D5:D9) | E10: =SUM(E5:E9) | F10: =SUM(F5:F9) | G10: =SUM(G5:G9) | H10: =SUM(H5:H9)
A12: Colación | D12: =IF(B12="","",ROUND(IF(C12="",VLOOKUP(B12,Alimentos!$A$5:$H$83,2,FALSE),C12)/100*VLOOKUP(B12,Alimentos!$A$5:$H$83,4,FALSE),1)) | E12: =IF(B12="","",ROUND(IF(C12="",VLOOKUP(B12,Alimentos!$A$5:$H$83,2,FALSE),C12)/100*VLOOKUP(B12,Alimentos!$A$5:$H$83,5,FALSE),1)) | F12: =IF(B12="","",ROUND(IF(C12="",VLOOKUP(B12,Alimentos!$A$5:$H$83,2,FALSE),C12)/100*VLOOKUP(B12,Alimentos!$A$5:$H$83,6,FALSE),1)) | G12: =IF(B12="","",ROUND(IF(C12="",VLOOKUP(B12,Alimentos!$A$5:$H$83,2,FALSE),C12)/100*VLOOKUP(B12,Alimentos!$A$5:$H$83,7,FALSE),1)) | H12: =IF(B12="","",ROUND(IF(C12="",VLOOKUP(B12,Alimentos!$A$5:$H$83,2,FALSE),C12)/100*VLOOKUP(B12,Alimentos!$A$5:$H$83,8,FALSE),1)) | I12: =IF(B12="","",VLOOKUP(B12,Alimentos!$A$5:$H$83,3,FALSE))
D13: =IF(B13="","",ROUND(IF(C13="",VLOOKUP(B13,Alimentos!$A$5:$H$83,2,FALSE),C13)/100*VLOOKUP(B13,Alimentos!$A$5:$H$83,4,FALSE),1)) | E13: =IF(B13="","",ROUND(IF(C13="",VLOOKUP(B13,Alimentos!$A$5:$H$83,2,FALSE),C13)/100*VLOOKUP(B13,Alimentos!$A$5:$H$83,5,FALSE),1)) | F13: =IF(B13="","",ROUND(IF(C13="",VLOOKUP(B13,Alimentos!$A$5:$H$83,2,FALSE),C13)/100*VLOOKUP(B13,Alimentos!$A$5:$H$83,6,FALSE),1)) | G13: =IF(B13="","",ROUND(IF(C13="",VLOOKUP(B13,Alimentos!$A$5:$H$83,2,FALSE),C13)/100*VLOOKUP(B13,Alimentos!$A$5:$H$83,7,FALSE),1)) | H13: =IF(B13="","",ROUND(IF(C13="",VLOOKUP(B13,Alimentos!$A$5:$H$83,2,FALSE),C13)/100*VLOOKUP(B13,Alimentos!$A$5:$H$83,8,FALSE),1)) | I13: =IF(B13="","",VLOOKUP(B13,Alimentos!$A$5:$H$83,3,FALSE))
D14: =IF(B14="","",ROUND(IF(C14="",VLOOKUP(B14,Alimentos!$A$5:$H$83,2,FALSE),C14)/100*VLOOKUP(B14,Alimentos!$A$5:$H$83,4,FALSE),1)) | E14: =IF(B14="","",ROUND(IF(C14="",VLOOKUP(B14,Alimentos!$A$5:$H$83,2,FALSE),C14)/100*VLOOKUP(B14,Alimentos!$A$5:$H$83,5,FALSE),1)) | F14: =IF(B14="","",ROUND(IF(C14="",VLOOKUP(B14,Alimentos!$A$5:$H$83,2,FALSE),C14)/100*VLOOKUP(B14,Alimentos!$A$5:$H$83,6,FALSE),1)) | G14: =IF(B14="","",ROUND(IF(C14="",VLOOKUP(B14,Alimentos!$A$5:$H$83,2,FALSE),C14)/100*VLOOKUP(B14,Alimentos!$A$5:$H$83,7,FALSE),1)) | H14: =IF(B14="","",ROUND(IF(C14="",VLOOKUP(B14,Alimentos!$A$5:$H$83,2,FALSE),C14)/100*VLOOKUP(B14,Alimentos!$A$5:$H$83,8,FALSE),1)) | I14: =IF(B14="","",VLOOKUP(B14,Alimentos!$A$5:$H$83,3,FALSE))
D15: =IF(B15="","",ROUND(IF(C15="",VLOOKUP(B15,Alimentos!$A$5:$H$83,2,FALSE),C15)/100*VLOOKUP(B15,Alimentos!$A$5:$H$83,4,FALSE),1)) | E15: =IF(B15="","",ROUND(IF(C15="",VLOOKUP(B15,Alimentos!$A$5:$H$83,2,FALSE),C15)/100*VLOOKUP(B15,Alimentos!$A$5:$H$83,5,FALSE),1)) | F15: =IF(B15="","",ROUND(IF(C15="",VLOOKUP(B15,Alimentos!$A$5:$H$83,2,FALSE),C15)/100*VLOOKUP(B15,Alimentos!$A$5:$H$83,6,FALSE),1)) | G15: =IF(B15="","",ROUND(IF(C15="",VLOOKUP(B15,Alimentos!$A$5:$H$83,2,FALSE),C15)/100*VLOOKUP(B15,Alimentos!$A$5:$H$83,7,FALSE),1)) | H15: =IF(B15="","",ROUND(IF(C15="",VLOOKUP(B15,Alimentos!$A$5:$H$83,2,FALSE),C15)/100*VLOOKUP(B15,Alimentos!$A$5:$H$83,8,FALSE),1)) | I15: =IF(B15="","",VLOOKUP(B15,Alimentos!$A$5:$H$83,3,FALSE))
D16: =IF(B16="","",ROUND(IF(C16="",VLOOKUP(B16,Alimentos!$A$5:$H$83,2,FALSE),C16)/100*VLOOKUP(B16,Alimentos!$A$5:$H$83,4,FALSE),1)) | E16: =IF(B16="","",ROUND(IF(C16="",VLOOKUP(B16,Alimentos!$A$5:$H$83,2,FALSE),C16)/100*VLOOKUP(B16,Alimentos!$A$5:$H$83,5,FALSE),1)) | F16: =IF(B16="","",ROUND(IF(C16="",VLOOKUP(B16,Alimentos!$A$5:$H$83,2,FALSE),C16)/100*VLOOKUP(B16,Alimentos!$A$5:$H$83,6,FALSE),1)) | G16: =IF(B16="","",ROUND(IF(C16="",VLOOKUP(B16,Alimentos!$A$5:$H$83,2,FALSE),C16)/100*VLOOKUP(B16,Alimentos!$A$5:$H$83,7,FALSE),1)) | H16: =IF(B16="","",ROUND(IF(C16="",VLOOKUP(B16,Alimentos!$A$5:$H$83,2,FALSE),C16)/100*VLOOKUP(B16,Alimentos!$A$5:$H$83,8,FALSE),1)) | I16: =IF(B16="","",VLOOKUP(B16,Alimentos!$A$5:$H$83,3,FALSE))
B17: Total colación | D17: =SUM(D12:D16) | E17: =SUM(E12:E16) | F17: =SUM(F12:F16) | G17: =SUM(G12:G16) | H17: =SUM(H12:H16)
A19: Almuerzo | D19: =IF(B19="","",ROUND(IF(C19="",VLOOKUP(B19,Alimentos!$A$5:$H$83,2,FALSE),C19)/100*VLOOKUP(B19,Alimentos!$A$5:$H$83,4,FALSE),1)) | E19: =IF(B19="","",ROUND(IF(C19="",VLOOKUP(B19,Alimentos!$A$5:$H$83,2,FALSE),C19)/100*VLOOKUP(B19,Alimentos!$A$5:$H$83,5,FALSE),1)) | F19: =IF(B19="","",ROUND(IF(C19="",VLOOKUP(B19,Alimentos!$A$5:$H$83,2,FALSE),C19)/100*VLOOKUP(B19,Alimentos!$A$5:$H$83,6,FALSE),1)) | G19: =IF(B19="","",ROUND(IF(C19="",VLOOKUP(B19,Alimentos!$A$5:$H$83,2,FALSE),C19)/100*VLOOKUP(B19,Alimentos!$A$5:$H$83,7,FALSE),1)) | H19: =IF(B19="","",ROUND(IF(C19="",VLOOKUP(B19,Alimentos!$A$5:$H$83,2,FALSE),C19)/100*VLOOKUP(B19,Alimentos!$A$5:$H$83,8,FALSE),1)) | I19: =IF(B19="","",VLOOKUP(B19,Alimentos!$A$5:$H$83,3,FALSE))
D20: =IF(B20="","",ROUND(IF(C20="",VLOOKUP(B20,Alimentos!$A$5:$H$83,2,FALSE),C20)/100*VLOOKUP(B20,Alimentos!$A$5:$H$83,4,FALSE),1)) | E20: =IF(B20="","",ROUND(IF(C20="",VLOOKUP(B20,Alimentos!$A$5:$H$83,2,FALSE),C20)/100*VLOOKUP(B20,Alimentos!$A$5:$H$83,5,FALSE),1)) | F20: =IF(B20="","",ROUND(IF(C20="",VLOOKUP(B20,Alimentos!$A$5:$H$83,2,FALSE),C20)/100*VLOOKUP(B20,Alimentos!$A$5:$H$83,6,FALSE),1)) | G20: =IF(B20="","",ROUND(IF(C20="",VLOOKUP(B20,Alimentos!$A$5:$H$83,2,FALSE),C20)/100*VLOOKUP(B20,Alimentos!$A$5:$H$83,7,FALSE),1)) | H20: =IF(B20="","",ROUND(IF(C20="",VLOOKUP(B20,Alimentos!$A$5:$H$83,2,FALSE),C20)/100*VLOOKUP(B20,Alimentos!$A$5:$H$83,8,FALSE),1)) | I20: =IF(B20="","",VLOOKUP(B20,Alimentos!$A$5:$H$83,3,FALSE))
D21: =IF(B21="","",ROUND(IF(C21="",VLOOKUP(B21,Alimentos!$A$5:$H$83,2,FALSE),C21)/100*VLOOKUP(B21,Alimentos!$A$5:$H$83,4,FALSE),1)) | E21: =IF(B21="","",ROUND(IF(C21="",VLOOKUP(B21,Alimentos!$A$5:$H$83,2,FALSE),C21)/100*VLOOKUP(B21,Alimentos!$A$5:$H$83,5,FALSE),1)) | F21: =IF(B21="","",ROUND(IF(C21="",VLOOKUP(B21,Alimentos!$A$5:$H$83,2,FALSE),C21)/100*VLOOKUP(B21,Alimentos!$A$5:$H$83,6,FALSE),1)) | G21: =IF(B21="","",ROUND(IF(C21="",VLOOKUP(B21,Alimentos!$A$5:$H$83,2,FALSE),C21)/100*VLOOKUP(B21,Alimentos!$A$5:$H$83,7,FALSE),1)) | H21: =IF(B21="","",ROUND(IF(C21="",VLOOKUP(B21,Alimentos!$A$5:$H$83,2,FALSE),C21)/100*VLOOKUP(B21,Alimentos!$A$5:$H$83,8,FALSE),1)) | I21: =IF(B21="","",VLOOKUP(B21,Alimentos!$A$5:$H$83,3,FALSE))
D22: =IF(B22="","",ROUND(IF(C22="",VLOOKUP(B22,Alimentos!$A$5:$H$83,2,FALSE),C22)/100*VLOOKUP(B22,Alimentos!$A$5:$H$83,4,FALSE),1)) | E22: =IF(B22="","",ROUND(IF(C22="",VLOOKUP(B22,Alimentos!$A$5:$H$83,2,FALSE),C22)/100*VLOOKUP(B22,Alimentos!$A$5:$H$83,5,FALSE),1)) | F22: =IF(B22="","",ROUND(IF(C22="",VLOOKUP(B22,Alimentos!$A$5:$H$83,2,FALSE),C22)/100*VLOOKUP(B22,Alimentos!$A$5:$H$83,6,FALSE),1)) | G22: =IF(B22="","",ROUND(IF(C22="",VLOOKUP(B22,Alimentos!$A$5:$H$83,2,FALSE),C22)/100*VLOOKUP(B22,Alimentos!$A$5:$H$83,7,FALSE),1)) | H22: =IF(B22="","",ROUND(IF(C22="",VLOOKUP(B22,Alimentos!$A$5:$H$83,2,FALSE),C22)/100*VLOOKUP(B22,Alimentos!$A$5:$H$83,8,FALSE),1)) | I22: =IF(B22="","",VLOOKUP(B22,Alimentos!$A$5:$H$83,3,FALSE))
D23: =IF(B23="","",ROUND(IF(C23="",VLOOKUP(B23,Alimentos!$A$5:$H$83,2,FALSE),C23)/100*VLOOKUP(B23,Alimentos!$A$5:$H$83,4,FALSE),1)) | E23: =IF(B23="","",ROUND(IF(C23="",VLOOKUP(B23,Alimentos!$A$5:$H$83,2,FALSE),C23)/100*VLOOKUP(B23,Alimentos!$A$5:$H$83,5,FALSE),1)) | F23: =IF(B23="","",ROUND(IF(C23="",VLOOKUP(B23,Alimentos!$A$5:$H$83,2,FALSE),C23)/100*VLOOKUP(B23,Alimentos!$A$5:$H$83,6,FALSE),1)) | G23: =IF(B23="","",ROUND(IF(C23="",VLOOKUP(B23,Alimentos!$A$5:$H$83,2,FALSE),C23)/100*VLOOKUP(B23,Alimentos!$A$5:$H$83,7,FALSE),1)) | H23: =IF(B23="","",ROUND(IF(C23="",VLOOKUP(B23,Alimentos!$A$5:$H$83,2,FALSE),C23)/100*VLOOKUP(B23,Alimentos!$A$5:$H$83,8,FALSE),1)) | I23: =IF(B23="","",VLOOKUP(B23,Alimentos!$A$5:$H$83,3,FALSE))
B24: Total almuerzo | D24: =SUM(D19:D23) | E24: =SUM(E19:E23) | F24: =SUM(F19:F23) | G24: =SUM(G19:G23) | H24: =SUM(H19:H23)
A26: Once | D26: =IF(B26="","",ROUND(IF(C26="",VLOOKUP(B26,Alimentos!$A$5:$H$83,2,FALSE),C26)/100*VLOOKUP(B26,Alimentos!$A$5:$H$83,4,FALSE),1)) | E26: =IF(B26="","",ROUND(IF(C26="",VLOOKUP(B26,Alimentos!$A$5:$H$83,2,FALSE),C26)/100*VLOOKUP(B26,Alimentos!$A$5:$H$83,5,FALSE),1)) | F26: =IF(B26="","",ROUND(IF(C26="",VLOOKUP(B26,Alimentos!$A$5:$H$83,2,FALSE),C26)/100*VLOOKUP(B26,Alimentos!$A$5:$H$83,6,FALSE),1)) | G26: =IF(B26="","",ROUND(IF(C26="",VLOOKUP(B26,Alimentos!$A$5:$H$83,2,FALSE),C26)/100*VLOOKUP(B26,Alimentos!$A$5:$H$83,7,FALSE),1)) | H26: =IF(B26="","",ROUND(IF(C26="",VLOOKUP(B26,Alimentos!$A$5:$H$83,2,FALSE),C26)/100*VLOOKUP(B26,Alimentos!$A$5:$H$83,8,FALSE),1)) | I26: =IF(B26="","",VLOOKUP(B26,Alimentos!$A$5:$H$83,3,FALSE))
D27: =IF(B27="","",ROUND(IF(C27="",VLOOKUP(B27,Alimentos!$A$5:$H$83,2,FALSE),C27)/100*VLOOKUP(B27,Alimentos!$A$5:$H$83,4,FALSE),1)) | E27: =IF(B27="","",ROUND(IF(C27="",VLOOKUP(B27,Alimentos!$A$5:$H$83,2,FALSE),C27)/100*VLOOKUP(B27,Alimentos!$A$5:$H$83,5,FALSE),1)) | F27: =IF(B27="","",ROUND(IF(C27="",VLOOKUP(B27,Alimentos!$A$5:$H$83,2,FALSE),C27)/100*VLOOKUP(B27,Alimentos!$A$5:$H$83,6,FALSE),1)) | G27: =IF(B27="","",ROUND(IF(C27="",VLOOKUP(B27,Alimentos!$A$5:$H$83,2,FALSE),C27)/100*VLOOKUP(B27,Alimentos!$A$5:$H$83,7,FALSE),1)) | H27: =IF(B27="","",ROUND(IF(C27="",VLOOKUP(B27,Alimentos!$A$5:$H$83,2,FALSE),C27)/100*VLOOKUP(B27,Alimentos!$A$5:$H$83,8,FALSE),1)) | I27: =IF(B27="","",VLOOKUP(B27,Alimentos!$A$5:$H$83,3,FALSE))
D28: =IF(B28="","",ROUND(IF(C28="",VLOOKUP(B28,Alimentos!$A$5:$H$83,2,FALSE),C28)/100*VLOOKUP(B28,Alimentos!$A$5:$H$83,4,FALSE),1)) | E28: =IF(B28="","",ROUND(IF(C28="",VLOOKUP(B28,Alimentos!$A$5:$H$83,2,FALSE),C28)/100*VLOOKUP(B28,Alimentos!$A$5:$H$83,5,FALSE),1)) | F28: =IF(B28="","",ROUND(IF(C28="",VLOOKUP(B28,Alimentos!$A$5:$H$83,2,FALSE),C28)/100*VLOOKUP(B28,Alimentos!$A$5:$H$83,6,FALSE),1)) | G28: =IF(B28="","",ROUND(IF(C28="",VLOOKUP(B28,Alimentos!$A$5:$H$83,2,FALSE),C28)/100*VLOOKUP(B28,Alimentos!$A$5:$H$83,7,FALSE),1)) | H28: =IF(B28="","",ROUND(IF(C28="",VLOOKUP(B28,Alimentos!$A$5:$H$83,2,FALSE),C28)/100*VLOOKUP(B28,Alimentos!$A$5:$H$83,8,FALSE),1)) | I28: =IF(B28="","",VLOOKUP(B28,Alimentos!$A$5:$H$83,3,FALSE))
D29: =IF(B29="","",ROUND(IF(C29="",VLOOKUP(B29,Alimentos!$A$5:$H$83,2,FALSE),C29)/100*VLOOKUP(B29,Alimentos!$A$5:$H$83,4,FALSE),1)) | E29: =IF(B29="","",ROUND(IF(C29="",VLOOKUP(B29,Alimentos!$A$5:$H$83,2,FALSE),C29)/100*VLOOKUP(B29,Alimentos!$A$5:$H$83,5,FALSE),1)) | F29: =IF(B29="","",ROUND(IF(C29="",VLOOKUP(B29,Alimentos!$A$5:$H$83,2,FALSE),C29)/100*VLOOKUP(B29,Alimentos!$A$5:$H$83,6,FALSE),1)) | G29: =IF(B29="","",ROUND(IF(C29="",VLOOKUP(B29,Alimentos!$A$5:$H$83,2,FALSE),C29)/100*VLOOKUP(B29,Alimentos!$A$5:$H$83,7,FALSE),1)) | H29: =IF(B29="","",ROUND(IF(C29="",VLOOKUP(B29,Alimentos!$A$5:$H$83,2,FALSE),C29)/100*VLOOKUP(B29,Alimentos!$A$5:$H$83,8,FALSE),1)) | I29: =IF(B29="","",VLOOKUP(B29,Alimentos!$A$5:$H$83,3,FALSE))
D30: =IF(B30="","",ROUND(IF(C30="",VLOOKUP(B30,Alimentos!$A$5:$H$83,2,FALSE),C30)/100*VLOOKUP(B30,Alimentos!$A$5:$H$83,4,FALSE),1)) | E30: =IF(B30="","",ROUND(IF(C30="",VLOOKUP(B30,Alimentos!$A$5:$H$83,2,FALSE),C30)/100*VLOOKUP(B30,Alimentos!$A$5:$H$83,5,FALSE),1)) | F30: =IF(B30="","",ROUND(IF(C30="",VLOOKUP(B30,Alimentos!$A$5:$H$83,2,FALSE),C30)/100*VLOOKUP(B30,Alimentos!$A$5:$H$83,6,FALSE),1)) | G30: =IF(B30="","",ROUND(IF(C30="",VLOOKUP(B30,Alimentos!$A$5:$H$83,2,FALSE),C30)/100*VLOOKUP(B30,Alimentos!$A$5:$H$83,7,FALSE),1)) | H30: =IF(B30="","",ROUND(IF(C30="",VLOOKUP(B30,Alimentos!$A$5:$H$83,2,FALSE),C30)/100*VLOOKUP(B30,Alimentos!$A$5:$H$83,8,FALSE),1)) | I30: =IF(B30="","",VLOOKUP(B30,Alimentos!$A$5:$H$83,3,FALSE))
B31: Total once | D31: =SUM(D26:D30) | E31: =SUM(E26:E30) | F31: =SUM(F26:F30) | G31: =SUM(G26:G30) | H31: =SUM(H26:H30)
A33: Cena | D33: =IF(B33="","",ROUND(IF(C33="",VLOOKUP(B33,Alimentos!$A$5:$H$83,2,FALSE),C33)/100*VLOOKUP(B33,Alimentos!$A$5:$H$83,4,FALSE),1)) | E33: =IF(B33="","",ROUND(IF(C33="",VLOOKUP(B33,Alimentos!$A$5:$H$83,2,FALSE),C33)/100*VLOOKUP(B33,Alimentos!$A$5:$H$83,5,FALSE),1)) | F33: =IF(B33="","",ROUND(IF(C33="",VLOOKUP(B33,Alimentos!$A$5:$H$83,2,FALSE),C33)/100*VLOOKUP(B33,Alimentos!$A$5:$H$83,6,FALSE),1)) | G33: =IF(B33="","",ROUND(IF(C33="",VLOOKUP(B33,Alimentos!$A$5:$H$83,2,FALSE),C33)/100*VLOOKUP(B33,Alimentos!$A$5:$H$83,7,FALSE),1)) | H33: =IF(B33="","",ROUND(IF(C33="",VLOOKUP(B33,Alimentos!$A$5:$H$83,2,FALSE),C33)/100*VLOOKUP(B33,Alimentos!$A$5:$H$83,8,FALSE),1)) | I33: =IF(B33="","",VLOOKUP(B33,Alimentos!$A$5:$H$83,3,FALSE))
D34: =IF(B34="","",ROUND(IF(C34="",VLOOKUP(B34,Alimentos!$A$5:$H$83,2,FALSE),C34)/100*VLOOKUP(B34,Alimentos!$A$5:$H$83,4,FALSE),1)) | E34: =IF(B34="","",ROUND(IF(C34="",VLOOKUP(B34,Alimentos!$A$5:$H$83,2,FALSE),C34)/100*VLOOKUP(B34,Alimentos!$A$5:$H$83,5,FALSE),1)) | F34: =IF(B34="","",ROUND(IF(C34="",VLOOKUP(B34,Alimentos!$A$5:$H$83,2,FALSE),C34)/100*VLOOKUP(B34,Alimentos!$A$5:$H$83,6,FALSE),1)) | G34: =IF(B34="","",ROUND(IF(C34="",VLOOKUP(B34,Alimentos!$A$5:$H$83,2,FALSE),C34)/100*VLOOKUP(B34,Alimentos!$A$5:$H$83,7,FALSE),1)) | H34: =IF(B34="","",ROUND(IF(C34="",VLOOKUP(B34,Alimentos!$A$5:$H$83,2,FALSE),C34)/100*VLOOKUP(B34,Alimentos!$A$5:$H$83,8,FALSE),1)) | I34: =IF(B34="","",VLOOKUP(B34,Alimentos!$A$5:$H$83,3,FALSE))
D35: =IF(B35="","",ROUND(IF(C35="",VLOOKUP(B35,Alimentos!$A$5:$H$83,2,FALSE),C35)/100*VLOOKUP(B35,Alimentos!$A$5:$H$83,4,FALSE),1)) | E35: =IF(B35="","",ROUND(IF(C35="",VLOOKUP(B35,Alimentos!$A$5:$H$83,2,FALSE),C35)/100*VLOOKUP(B35,Alimentos!$A$5:$H$83,5,FALSE),1)) | F35: =IF(B35="","",ROUND(IF(C35="",VLOOKUP(B35,Alimentos!$A$5:$H$83,2,FALSE),C35)/100*VLOOKUP(B35,Alimentos!$A$5:$H$83,6,FALSE),1)) | G35: =IF(B35="","",ROUND(IF(C35="",VLOOKUP(B35,Alimentos!$A$5:$H$83,2,FALSE),C35)/100*VLOOKUP(B35,Alimentos!$A$5:$H$83,7,FALSE),1)) | H35: =IF(B35="","",ROUND(IF(C35="",VLOOKUP(B35,Alimentos!$A$5:$H$83,2,FALSE),C35)/100*VLOOKUP(B35,Alimentos!$A$5:$H$83,8,FALSE),1)) | I35: =IF(B35="","",VLOOKUP(B35,Alimentos!$A$5:$H$83,3,FALSE))
D36: =IF(B36="","",ROUND(IF(C36="",VLOOKUP(B36,Alimentos!$A$5:$H$83,2,FALSE),C36)/100*VLOOKUP(B36,Alimentos!$A$5:$H$83,4,FALSE),1)) | E36: =IF(B36="","",ROUND(IF(C36="",VLOOKUP(B36,Alimentos!$A$5:$H$83,2,FALSE),C36)/100*VLOOKUP(B36,Alimentos!$A$5:$H$83,5,FALSE),1)) | F36: =IF(B36="","",ROUND(IF(C36="",VLOOKUP(B36,Alimentos!$A$5:$H$83,2,FALSE),C36)/100*VLOOKUP(B36,Alimentos!$A$5:$H$83,6,FALSE),1)) | G36: =IF(B36="","",ROUND(IF(C36="",VLOOKUP(B36,Alimentos!$A$5:$H$83,2,FALSE),C36)/100*VLOOKUP(B36,Alimentos!$A$5:$H$83,7,FALSE),1)) | H36: =IF(B36="","",ROUND(IF(C36="",VLOOKUP(B36,Alimentos!$A$5:$H$83,2,FALSE),C36)/100*VLOOKUP(B36,Alimentos!$A$5:$H$83,8,FALSE),1)) | I36: =IF(B36="","",VLOOKUP(B36,Alimentos!$A$5:$H$83,3,FALSE))
D37: =IF(B37="","",ROUND(IF(C37="",VLOOKUP(B37,Alimentos!$A$5:$H$83,2,FALSE),C37)/100*VLOOKUP(B37,Alimentos!$A$5:$H$83,4,FALSE),1)) | E37: =IF(B37="","",ROUND(IF(C37="",VLOOKUP(B37,Alimentos!$A$5:$H$83,2,FALSE),C37)/100*VLOOKUP(B37,Alimentos!$A$5:$H$83,5,FALSE),1)) | F37: =IF(B37="","",ROUND(IF(C37="",VLOOKUP(B37,Alimentos!$A$5:$H$83,2,FALSE),C37)/100*VLOOKUP(B37,Alimentos!$A$5:$H$83,6,FALSE),1)) | G37: =IF(B37="","",ROUND(IF(C37="",VLOOKUP(B37,Alimentos!$A$5:$H$83,2,FALSE),C37)/100*VLOOKUP(B37,Alimentos!$A$5:$H$83,7,FALSE),1)) | H37: =IF(B37="","",ROUND(IF(C37="",VLOOKUP(B37,Alimentos!$A$5:$H$83,2,FALSE),C37)/100*VLOOKUP(B37,Alimentos!$A$5:$H$83,8,FALSE),1)) | I37: =IF(B37="","",VLOOKUP(B37,Alimentos!$A$5:$H$83,3,FALSE))
B38: Total cena | D38: =SUM(D33:D37) | E38: =SUM(E33:E37) | F38: =SUM(F33:F37) | G38: =SUM(G33:G37) | H38: =SUM(H33:H37)
B40: Resumen del día | D40: Proteína | E40: Fibra | F40: Grasa | G40: Carbohidratos | H40: kcal
B41: Total del día | D41: =D10+D17+D24+D31+D38 | E41: =E10+E17+E24+E31+E38 | F41: =F10+F17+F24+F31+F38 | G41: =G10+G17+G24+G31+G38 | H41: =H10+H17+H24+H31+H38
B42: Tu objetivo | D42: ='Mi objetivo'!B15 | E42: ='Mi objetivo'!B18 | H42: ='Mi objetivo'!B14
B43: Cuánto llevas del objetivo | D43: =IF(D42=0,"",D41/D42) | E43: =IF(E42=0,"",E41/E42) | H43: =IF(H42=0,"",H41/H42)
B45: Comidas principales con al menos 25 g de proteína | D45: =IF(D10>=25,1,0)+IF(D24>=25,1,0)+IF(D38>=25,1,0) | E45: de 3

Sheet Alimentos
A1: Alimentos
A2: Valores por 100 g de alimento listo para comer. Los marcados con * son estimaciones para alimentos chilenos. Puedes agregar los tuyos en las filas vacías.
A4: Alimento | B4: Porción (g) | C4: Porción habitual | D4: Proteína | E4: Fibra | F4: Grasa | G4: Carbohidratos | H4: kcal
A5: Huevo entero | B5: 50 | C5: 1 unidad | D5: 12.6 | E5: 0 | F5: 9.5 | G5: 0.7 | H5: 143
A6: Clara de huevo | B6: 33 | C6: 1 clara | D6: 10.9 | E6: 0 | F6: 0.2 | G6: 0.7 | H6: 52
A7: Pechuga de pollo, cocida | B7: 120 | C7: 1 filete | D7: 31 | E7: 0 | F7: 3.6 | G7: 0 | H7: 165
A8: Trutro de pollo sin piel, cocido | B8: 120 | C8: 1 trutro | D8: 26 | E8: 0 | F8: 8 | G8: 0 | H8: 180
A9: Vacuno magro (posta), cocido | B9: 120 | C9: 1 bistec | D9: 29 | E9: 0 | F9: 7 | G9: 0 | H9: 185
A10: Carne molida 10% grasa, cocida | B10: 120 | C10: 1 porción | D10: 26 | E10: 0 | F10: 11 | G10: 0 | H10: 217
A11: Lomo de cerdo, cocido | B11: 120 | C11: 1 chuleta | D11: 27 | E11: 0 | F11: 6 | G11: 0 | H11: 170
A12: Salmón, cocido | B12: 120 | C12: 1 filete | D12: 25 | E12: 0 | F12: 12 | G12: 0 | H12: 206
A13: Merluza, cocida | B13: 120 | C13: 1 filete | D13: 20 | E13: 0 | F13: 1.5 | G13: 0 | H13: 95
A14: Atún en agua, escurrido | B14: 80 | C14: 1 lata chica | D14: 25 | E14: 0 | F14: 1 | G14: 0 | H14: 116
A15: Jurel en lata, escurrido * | B15: 80 | C15: 1/2 lata | D15: 21 | E15: 0 | F15: 8 | G15: 0 | H15: 160
A16: Jamón de pavo | B16: 30 | C16: 2 láminas | D16: 17 | E16: 0 | F16: 2 | G16: 2 | H16: 100
... A63: Aceite de oliva | B63: 10 | C63: 1 cucharada | D63: 0 | E63: 0 | F63: 100 | G63: 0 | H63: 884

Sheet Fuentes
A1: Fuentes
A2: Borrador de Claude para Diseña tu Jubilación, 24/09/2026. Lo revisa el médico aliado o una nutricionista antes de entregarlo.
A4: Proteína
A5: Institute of Medicine (IOM). Dietary Reference Intakes for Energy, Carbohydrate, Fiber, Fat, Fatty Acids, Cholesterol, Protein, and Amino Acids. 2005. RDA 0,8 g/kg.
A6: Bauer J. y col. Evidence-based recommendations for optimal dietary protein intake in older people: a position paper from the PROT-AGE Study Group. J Am Med Dir Assoc. 2013.
A7: Deutz NE y col. Protein intake and exercise for optimal muscle function with aging: recommendations from the ESPEN Expert Group. Clin Nutr. 2014.
A8: Reparto por comida (25 a 30 g): PROT-AGE y ESPEN, a partir de estudios de síntesis de proteína muscular. Nivel C.
A9: 1,6 g/kg: opinión de expertos en longevidad y metaanálisis de entrenamiento de fuerza (Morton y col., Br J Sports Med 2018) en adultos más jóvenes. Nivel E para este público.
A11: Fibra
A12: IOM 2005: ingesta adecuada de 14 g por 1.000 kcal; 30 g (hombres) y 21 g (mujeres) desde los 51 años.
A13: OMS: al menos 25 g de fibra al día en adultos (Healthy diet, nota descriptiva).
A15: Energía
... A19: USDA FoodData Central (valores aproximados, redondeados). Los marcados con * son estimaciones para alimentos chilenos: verificar con la tabla de composición de alimentos chilena antes de entregar.

Sheet Listas
A1: Actividad | B1: Factor | C1: Perfil | D1: g/kg | E1: Nivel | F1: Fuente
A2: Sedentaria (casi nada de ejercicio) | B2: 1.2 | C2: Mínimo oficial para adultos (0,8 g/kg) | D2: 0.8 | E2: G | F2: IOM: ingesta recomendada (RDA) para adultos sanos.
A3: Liviana (1 a 3 días a la semana) | B3: 1.375 | C3: Mayor de 60, sano (1,0 g/kg) | D3: 1 | E3: C | F3: PROT-AGE (2013) y ESPEN (2014): 1,0 a 1,2 g/kg en mayores de 65.
A4: Moderada (3 a 5 días a la semana) | B4: 1.55 | C4: Mayor de 60, activo o entrenando fuerza (1,2 g/kg) | D4: 1.2 | E4: C | F4: PROT-AGE: 1,2 g/kg o más si hace ejercicio.
A5: Alta (6 a 7 días a la semana) | B5: 1.725 | C5: Enfermedad aguda o crónica, con indicación médica (1,5 g/kg) | D5: 1.5 | E5: C | F5: ESPEN: 1,2 a 1,5 g/kg. Solo con indicación médica.
C6: Enfoque longevidad, entrenando fuerza (1,6 g/kg) | D6: 1.6 | E6: E | F6: Opinión de expertos en longevidad; sin consenso de guía.
